[{"id":410,"title":"Tu Hai Champion","artist":"Pritam, Arijit Singh, Amit Mishra, IP Singh","album":"Chandu Champion","year":2024,"genre":"Tu Hai Champion (From \"Chandu Champion\")","filepath":"C:\\Users\\priya\\Downloads\\Music\\Tu Hai Champion - Chandu Champion 128 Kbps.mp3"},{"id":407,"title":"Dilnashin Dilnashin","artist":"Himesh Reshammiya, KK","album":"Aashiq Banaya Aapne","year":2005,"genre":"Bollywood","comment":"awesomesong","filepath":"C:\\Users\\priya\\Downloads\\Music\\Dilnashin Dilnashin - Aashiq Banaya Aapne 128 Kbps.mp3"},{"id":409,"title":"Saiyaan Dheere Dheere - Tony Kakkar","artist":"Tony Kakkar, Neha Kakkar, Tony Jr.","album":"Saiyaan Dheere Dheere - Tony Kakkar","year":2024,"genre":"Saiyaan Dheere Dheere","filepath":"C:\\Users\\priya\\Downloads\\Music\\Saiyaan Dheere Dheere - Tony Kakkar 128 Kbps.mp3"},{"id":395,"title":"Zikr Tera - Sumit Goswami","artist":"Sumit Goswami","album":"Zikr Tera - Sumit Goswami","year":2021,"genre":"Zikr Tera","comment":"Pagalsong","filepath":"C:\\Users\\priya\\Downloads\\Zikr Tera - Sumit Goswami 128 Kbps.mp3"},{"id":398,"title":"Tilasmi Bahein","artist":"Sanjay Leela Bhansali, Sharmistha Chatterjee","album":"Heeramandi","year":2024,"genre":"Bollywood","filepath":"C:\\Users\\priya\\Downloads\\Tilasmi Bahein - Heeramandi 128 Kbps.mp3"},{"id":406,"title":"Kesariya","artist":"Pritam, Arijit Singh, Amitabh Bhattacharya","album":"Brahmastra","year":2022,"genre":"Kesariya (From \u0026quot;Brahmastra\u0026quot;)","comment":"dashing","filepath":"C:\\Users\\priya\\Downloads\\Music\\Kesariya - Brahmastra 128 Kbps.mp3"},{"id":405,"title":"Tauba Tauba","artist":"Karan Aujla","album":"Bad Newz","year":2024,"genre":"Tauba Tauba (From \"Bad Newz\")","comment":"Vicky awesome","filepath":"C:\\Users\\priya\\Downloads\\Music\\Tauba Tauba - Bad Newz 320 Kbps.mp3"},{"id":414,"title":"Hamse Milo","artist":"Palak Muchhal","album":"Aa Bhi Ja O Piya","year":2022,"genre":"Aa Bhi Ja O Piya","filepath":"C:\\Users\\priya\\Downloads\\Hamse Milo - Aa Bhi Ja O Piya 128 Kbps.mp3"},{"id":408,"title":"Angaaron","artist":"Shreya Ghoshal, Devi Sri Prasad, Raqueeb Alam","album":"Pushpa 2 The Rule","year":2024,"genre":"Angaaron (From \"Pushpa 2 The Rule\")","comment":"Nicesong","filepath":"C:\\Users\\priya\\Downloads\\Music\\Angaaron - Pushpa 2 The Rule 128 Kbps.mp3"},{"id":376,"title":"Hostel Life - Khasa Aala Chahar","artist":"Khasa Aala Chahar","album":"Hostel Life - Khasa Aala Chahar","year":2021,"genre":"Hostel Life","comment":"Pagalsong","filepath":"C:\\Users\\priya\\Downloads\\Hostel Life - Khasa Aala Chahar 128 Kbps.mp3"}]